{"Choosen": [0, 0], "angle_per_trial": [2.362477675499524, 1.3823007675795091], "rt": [15, 23], "errorLeft_extent": [0.4191292936705596, 0.6059131241888653], "errorRight_extent": [0.30309554103068703, 0.11746045640479774], "errorLeft_angle": [-0.1716189971271187, -0.6552150386615518], "errorRight_angle": [0.0008717678490341996, -0.003547035051014502], "expected_L": [0.48042073315226835, 0.46678649666047856], "expected_R": [0.447787098201022, 0.4663009987460588], "energy_L": [0.0037270000000000003, 0.0036369999999999996, 0.003611, 0.0035719999999999997, 0.0035570000000000003, 0.0034860000000000004, 0.0034630000000000004, 0.0033369999999999997, 0.003231, 0.0032240000000000003, 0.003216, 0.00307, 0.003007, 0.003012, 0.002963, 0.0026750000000000003, 0.0027930000000000003, 0.002627, 0.002587, 0.002506, 0.002554, 0.002432, 0.00224, 0.0022199999999999998, 0.002098, 0.002051, 0.001901, 0.001818, 0.0016979999999999999, 0.0015730000000000002, 0.001471, 0.00143, 0.001294, 0.001305, 0.001253, 0.001227, 0.0012209999999999999, 0.0011909999999999998, 0.001158, 0.0011049999999999999, 0.001092, 0.001064, 0.001081, 0.001121, 0.001171, 0.001245, 0.001351, 0.001424, 0.0014699999999999997, 0.001469, 0.0014609999999999998, 0.001421, 0.0013449999999999998, 0.0009729999999999999, 0.000964, 0.000781, 0.00068, 0.0008770000000000001, 0.0008820000000000001, 0.0014169999999999999, 0.001819, 0.0020819999999999996, 0.0033609999999999994, 0.004092, 0.005337, 0.005974, 0.006914, 0.008387, 0.008275, 0.009696, 0.010209000000000001, 0.01234, 0.012308, 0.012933, 0.014492000000000001, 0.015420999999999999, 0.01576, 0.016203999999999996, 0.017366, 0.017335000000000003, 0.018217999999999998, 0.018163, 0.019074999999999998, 0.019708999999999997, 0.020276, 0.020648, 0.021101999999999996, 0.021506000000000004, 0.022173, 0.021841, 0.022357999999999996, 0.022631000000000002, 0.023082, 0.023180000000000003, 0.023525, 0.023669, 0.023959, 0.024273, 0.024382, 0.024406, 0.024628999999999998, 0.024904, 0.025051, 0.025134, 0.025273, 0.025442, 0.025557, 0.025571999999999998, 0.025863999999999998, 0.025896999999999996, 0.026018999999999997, 0.026167000000000003, 0.026173999999999996, 0.026347000000000002, 0.026359, 0.026515, 0.026635, 0.026728000000000005, 0.026624000000000002, 0.026823, 0.026849, 0.026997, 0.027026, 0.027195999999999998, 0.027137000000000005, 0.027148, 0.027208999999999997, 0.027356, 0.027299, 0.027516000000000002, 0.027557, 0.027592000000000002, 0.027643, 0.027705999999999998, 0.027703, 0.027772, 0.027854999999999998, 0.027954, 0.027891, 0.028064, 0.028087, 0.028149, 0.028078000000000002, 0.028199000000000002, 0.028229999999999998, 0.028245, 0.028335, 0.028443999999999997, 0.028524, 0.028459000000000005, 0.028488, 0.028555999999999998, 0.028601, 0.028655999999999997, 0.028745999999999997, 0.028695000000000002, 0.028836999999999998, 0.028838, 0.028887999999999997, 0.02898, 0.028904, 0.028947999999999995, 0.029066, 0.029050999999999997, 0.029099, 0.029153, 0.029202, 0.029235, 0.029301, 0.029301, 0.029248, 0.029326, 0.029397, 0.029459, 0.029475, 0.029522999999999997, 0.029538999999999996, 0.029542, 0.029582999999999998, 0.029615000000000002, 0.029655, 0.029656000000000002, 0.029703999999999998, 0.029696, 0.029708, 0.029754, 0.029768, 0.029784, 0.029778, 0.029802999999999996, 0.029778, 0.029849999999999998, 0.029901000000000004, 0.029944, 0.029972, 0.030010000000000002, 0.029999, 0.030028, 0.030091999999999997, 0.030113, 0.030127, 0.030156999999999996, 0.030192999999999998, 0.030209, 0.030204999999999996, 0.030245, 0.030252, 0.030268000000000003, 0.030281999999999996, 0.030291, 0.030303, 0.030298999999999996, 0.030302000000000003, 0.030313999999999997, 0.030317, 0.030315, 0.030316999999999997, 0.030317999999999998, 0.030305, 0.0303, 0.030294, 0.030280999999999995, 0.030284, 0.030270999999999996, 0.030254, 0.030195000000000003, 0.030184, 0.030141, 0.030121999999999996, 0.030094, 0.030052000000000002, 0.030011999999999997, 0.029942999999999997, 0.029976, 0.029859, 0.029866, 0.029765, 0.029655, 0.029559, 0.029567, 0.029495, 0.029428, 0.029378, 0.029414, 0.029415999999999998, 0.029448000000000002, 0.029476999999999996, 0.029506, 0.02955, 0.029566000000000002, 0.029561999999999998, 0.029589999999999998, 0.029594000000000002, 0.029607, 0.029613, 0.029612999999999997, 0.029609999999999997, 0.029605, 0.029586, 0.029586, 0.029568, 0.029554999999999998, 0.029545000000000002, 0.029505000000000003, 0.029495, 0.029474999999999998, 0.029450999999999998, 0.029408999999999998, 0.029353000000000004, 0.029321, 0.029272, 0.029183999999999998, 0.029163, 0.029138999999999998, 0.029138, 0.029136, 0.029090000000000005, 0.029033, 0.028996, 0.028916999999999998, 0.028870999999999994, 0.02885, 0.028781, 0.028758, 0.028595000000000002, 0.028612000000000002, 0.028485999999999997, 0.028434, 0.028214999999999997, 0.028096, 0.027974, 0.027916, 0.027814000000000002, 0.027823999999999995, 0.02752, 0.027493, 0.027216999999999998, 0.027197, 0.027186000000000002, 0.027188000000000004, 0.027121, 0.027125999999999997, 0.027062000000000003, 0.026973000000000004, 0.027016000000000002, 0.026921, 0.026798, 0.026755, 0.026622999999999997, 0.026566, 0.026403, 0.026355999999999997, 0.026234, 0.026116, 0.025966999999999997, 0.025912, 0.025528000000000002, 0.025478, 0.025435999999999997, 0.025214999999999998, 0.025037, 0.024797, 0.024606, 0.024592000000000003, 0.024629, 0.024695, 0.024716000000000002, 0.024714, 0.024725999999999998, 0.024727, 0.024904000000000003, 0.025087, 0.025209000000000002, 0.025182000000000003, 0.025396000000000002, 0.025693999999999998, 0.025857, 0.025904999999999997, 0.025991, 0.026154, 0.026177, 0.026232000000000002, 0.026334, 0.026416, 0.026521000000000003, 0.026584999999999998, 0.026622, 0.026637, 0.026653, 0.026665, 0.026657, 0.026647, 0.02661, 0.026558, 0.026393999999999997, 0.026348, 0.026350000000000002, 0.026175, 0.026162, 0.025905, 0.025705000000000002, 0.025692, 0.025452, 0.025175, 0.024982999999999998, 0.024689000000000003, 0.024613, 0.02422, 0.023992, 0.0235, 0.023257999999999997, 0.023201999999999997, 0.022434, 0.022075, 0.022189999999999998, 0.021363, 0.0212, 0.02065, 0.020429, 0.020212, 0.019554, 0.019549, 0.01878, 0.018406, 0.017865, 0.017281, 0.017152, 0.016277, 0.016216, 0.015283999999999999, 0.015394000000000001, 0.014478, 0.014227000000000002, 0.013752, 0.013634, 0.012721, 0.012647, 0.011692000000000001, 0.011422999999999999, 0.011274, 0.010147, 0.009708, 0.008943, 0.009123, 0.008441, 0.008397, 0.0077339999999999996, 0.007489, 0.006973999999999999, 0.006633999999999999, 0.006456, 0.005705, 0.005235, 0.004858, 0.004974, 0.004496999999999999, 0.004427, 0.004119, 0.004258, 0.003985, 0.0036950000000000004, 0.0035229999999999997, 0.0032250000000000004, 0.0031560000000000004, 0.0030519999999999996, 0.003053, 0.002956, 0.0029570000000000004, 0.002994, 0.003414, 0.003084, 0.0034879999999999998, 0.003524, 0.003719, 0.0038860000000000006, 0.003798, 0.004247, 0.004155, 0.004483, 0.004324, 0.004509999999999999, 0.004664, 0.004859, 0.004982, 0.004855999999999999, 0.005019, 0.0051730000000000005, 0.005050000000000001, 0.005188, 0.005324, 0.00534, 0.005367, 0.0053890000000000006, 0.005423000000000001, 0.005409, 0.005438999999999999, 0.0054459999999999995, 0.005448, 0.005441, 0.005447, 0.005449, 0.005412999999999999, 0.0054139999999999995, 0.005368, 0.005311, 0.005320999999999999, 0.005297, 0.005249, 0.005207, 0.0051470000000000005, 0.00514, 0.00516, 0.0051259999999999995, 0.0050490000000000005, 0.00505, 0.0049169999999999995, 0.004873000000000001, 0.004872, 0.004794, 0.004705, 0.004681, 0.004573999999999999, 0.0045379999999999995, 0.004486, 0.004578, 0.004518, 0.004392, 0.004344, 0.004367, 0.004275, 0.004229, 0.004071, 0.0041800000000000006, 0.004102, 0.0040230000000000005, 0.0039570000000000004, 0.0038959999999999997, 0.0037430000000000002, 0.0038439999999999993, 0.0038059999999999995],