{"Chosen": [0, 0], "angle_per_trial": [3.34265458341954, 4.599291644855457], "rt": [18, 88], "errorLeft_extent": [0.3550204836190824, 0.5474254087652908], "errorRight_extent": [0.7466377985646695, 0.48350805837267985], "errorLeft_angle": [-0.00804543602623653, 0.0017254934834429747], "errorRight_angle": [0.010431484758243847, -0.0015741746024167114], "expected_L": [0.41108418432970545, 0.4110921728419785], "expected_R": [0.41108418432970545, 0.4110841843297054], "energy_L": [0.001248, 0.001291, 0.0013189999999999999, 0.001331, 0.001395, 0.001416, 0.001428, 0.0014609999999999998, 0.0014689999999999998, 0.001478, 0.0014750000000000002, 0.001484, 0.0014810000000000001, 0.0014759999999999999, 0.001466, 0.001474, 0.0014370000000000001, 0.001411, 0.001375, 0.001359, 0.001333, 0.0012989999999999998, 0.001257, 0.001228, 0.00118, 0.0010760000000000001, 0.001056, 0.001032, 0.0009599999999999999, 0.000923, 0.000853, 0.000786, 0.0007619999999999999, 0.0007000000000000001, 0.000696, 0.000686, 0.0006739999999999999, 0.0006819999999999999, 0.000673, 0.00071, 0.0007859999999999999, 0.000788, 0.00093, 0.0009710000000000001, 0.0009559999999999999, 0.0010500000000000002, 0.001057, 0.0011569999999999998, 0.001367, 0.0013959999999999999, 0.001464, 0.0016190000000000002, 0.0017200000000000002, 0.0018069999999999998, 0.0020239999999999998, 0.0021790000000000004, 0.0023250000000000002, 0.0023769999999999998, 0.002765, 0.0026420000000000003, 0.002989, 0.0029709999999999997, 0.003081, 0.003545, 0.003581, 0.003853, 0.004003, 0.004275, 0.004515999999999999, 0.004679999999999999, 0.005067, 0.005177, 0.005271999999999999, 0.005482999999999999, 0.005794, 0.005873, 0.006097, 0.006356, 0.0061790000000000005, 0.006752, 0.0069949999999999995, 0.007397, 0.007439000000000001, 0.007565, 0.007903, 0.008199000000000001, 0.008589, 0.008721, 0.00901, 0.009083, 0.009557000000000001, 0.009517, 0.009838, 0.009825, 0.010148, 0.010636, 0.010756000000000002, 0.011163999999999999, 0.011508000000000001, 0.011805999999999999, 0.011509, 0.012272000000000002, 0.012309, 0.012554, 0.012946, 0.013148, 0.013287, 0.013500999999999999, 0.01397, 0.01415, 0.014365, 0.014526, 0.014851, 0.015159, 0.01542, 0.015728, 0.015822, 0.016194, 0.016205999999999998, 0.016561, 0.016814, 0.017262999999999997, 0.017299999999999996, 0.01779, 0.017787999999999998, 0.018029, 0.018397, 0.018527000000000002, 0.018555, 0.018963, 0.019217, 0.019641, 0.019766, 0.02002, 0.020175000000000002, 0.020249999999999997, 0.020676, 0.020808, 0.020975, 0.021295, 0.021443999999999998, 0.021693, 0.022028, 0.022237999999999997, 0.022667000000000003, 0.022678, 0.023006000000000002, 0.023219, 0.023314, 0.023523, 0.023765, 0.023868000000000004, 0.023973, 0.024257, 0.024568, 0.024624, 0.025026000000000003, 0.025169999999999998, 0.025308999999999998, 0.025444, 0.025703000000000004, 0.025811, 0.02589, 0.026126999999999997, 0.026203999999999998, 0.026550999999999998, 0.026534999999999996, 0.026777000000000002, 0.027042999999999998, 0.027012, 0.027255, 0.027483, 0.027541, 0.02774, 0.027834000000000005, 0.027722999999999998, 0.027978, 0.028109, 0.028265, 0.028364, 0.028398, 0.028384, 0.028633, 0.028758999999999996, 0.028827000000000002, 0.0288, 0.028888999999999998, 0.029051000000000004, 0.029117999999999998, 0.029169999999999998, 0.029257, 0.029394000000000003, 0.029397, 0.029461, 0.029501000000000003, 0.029598, 0.029609, 0.029599, 0.029683, 0.0297, 0.029721, 0.029787, 0.029804, 0.029797999999999998, 0.029848999999999997, 0.029989000000000002, 0.030016, 0.030078, 0.030044, 0.030147, 0.030136999999999997, 0.030219999999999997, 0.030234999999999998, 0.030256, 0.030247, 0.030275, 0.030298, 0.030300999999999998, 0.030310999999999998, 0.030316000000000003, 0.030318, 0.030311, 0.030306999999999997, 0.030299, 0.030281000000000002, 0.030260000000000002, 0.030262, 0.030238, 0.030196, 0.03014, 0.030118999999999996, 0.030067000000000003, 0.029998999999999998, 0.029997999999999997, 0.029913999999999996, 0.029843, 0.029821, 0.029726999999999996, 0.029665, 0.029551, 0.02955, 0.02945, 0.029363, 0.029358000000000002, 0.029431, 0.029466, 0.029488, 0.029511, 0.029532000000000003, 0.029554, 0.029593, 0.0296, 0.029608, 0.029609, 0.029611000000000002, 0.029614, 0.029607, 0.029597000000000002, 0.029598, 0.029583, 0.029573000000000002, 0.029560999999999997, 0.029549, 0.029531, 0.029498999999999997, 0.029476000000000002, 0.029448, 0.029412, 0.029377, 0.029312, 0.029272, 0.029251, 0.029164000000000002, 0.029138999999999998, 0.029143999999999996, 0.029091, 0.029065, 0.029037999999999998, 0.029019999999999997, 0.028959, 0.028865999999999996, 0.028901, 0.028739, 0.028687, 0.028668, 0.028554, 0.028529, 0.028373, 0.028343999999999998, 0.028236, 0.028171, 0.027970000000000002, 0.027732, 0.027802999999999998, 0.027502, 0.027385, 0.027259000000000002, 0.027250000000000003, 0.027144, 0.027183000000000002, 0.027135, 0.027108, 0.027043, 0.02706, 0.026929, 0.026892000000000006, 0.026832, 0.026771000000000003, 0.026596, 0.026495, 0.026400999999999997, 0.026241, 0.026331, 0.026002, 0.026030000000000005, 0.025738, 0.025733, 0.025653000000000002, 0.025451999999999995, 0.025160000000000002, 0.024949, 0.024751, 0.024688, 0.024572, 0.024652, 0.024699999999999996, 0.024709000000000002, 0.024728999999999994, 0.024728, 0.024918999999999997, 0.024721999999999997, 0.025071, 0.025115, 0.025230000000000002, 0.025356, 0.02548, 0.025656999999999996, 0.025782999999999997, 0.025963, 0.026078999999999998, 0.026274, 0.026224000000000004, 0.026364000000000002, 0.026482000000000002, 0.026504, 0.026583999999999997, 0.026596000000000005, 0.026635, 0.026660000000000003, 0.026664999999999998, 0.026667, 0.026636, 0.026618000000000003, 0.026554, 0.026448999999999997, 0.026489000000000002, 0.026367, 0.026237, 0.026128, 0.026007000000000002, 0.025951, 0.025771999999999996, 0.025483000000000002, 0.025409, 0.025014, 0.024805, 0.024526, 0.024364999999999998, 0.024102, 0.023652, 0.023464000000000002, 0.022894, 0.022701, 0.022363, 0.021911, 0.021716999999999997, 0.021082999999999998, 0.020929, 0.020198, 0.020005, 0.019826, 0.019544, 0.018471, 0.018356, 0.017967000000000004, 0.017624, 0.017194, 0.015772, 0.016239, 0.014983, 0.014962, 0.014234000000000002, 0.013418000000000001, 0.013184999999999999, 0.01176, 0.011451, 0.011143, 0.010263999999999999, 0.010139, 0.009706, 0.009046, 0.008533, 0.008029, 0.006971999999999999, 0.007124, 0.006217, 0.006082, 0.004899000000000001, 0.0049369999999999995, 0.004484, 0.004158, 0.003925, 0.003504, 0.003647, 0.0032340000000000003, 0.003058, 0.0029560000000000003, 0.002974, 0.003041, 0.003053, 0.0034679999999999997, 0.003881, 0.004003, 0.004206, 0.004255, 0.004324, 0.00465, 0.005083999999999999, 0.004974999999999999, 0.005105, 0.005254, 0.005334, 0.005410999999999999, 0.005438999999999999, 0.005451000000000001, 0.005447, 0.005438999999999999, 0.005393, 0.005363, 0.005320999999999999, 0.005239000000000001, 0.005105999999999999, 0.005106999999999999, 0.004993, 0.004873000000000001, 0.004737000000000001, 0.004645, 0.004614, 0.004476, 0.004369, 0.004342, 0.0040149999999999995, 0.00406, 0.003787, 0.003802, 0.003597, 0.003563, 0.003398, 0.003363, 0.003157, 0.003068, 0.002908, 0.002759, 0.002754, 0.0027229999999999997, 0.00258, 0.0024619999999999998, 0.00239, 0.0022049999999999995, 0.002125, 0.0019370000000000001, 0.0019779999999999997, 0.0018119999999999998, 0.001817, 0.001557, 0.001514, 0.001454, 0.001412, 0.0013770000000000002, 0.0013150000000000002, 0.0012760000000000002, 0.001253, 0.0012259999999999999, 0.001219, 0.001202, 0.001181, 0.001134, 0.001131, 0.0011359999999999999, 0.001105, 0.001075, 0.001074, 0.0010639999999999998, 0.00108, 0.001082, 0.0010910000000000002, 0.001124, 0.0011380000000000001, 0.001165, 0.0012000000000000001],