{"Choosen": [0, 0], "angle_per_trial": [3.9961058553662165, 1.834690109696439], "rt": [26, 39], "errorLeft_extent": [0.4316834452902116, 0.5172969541376844], "errorRight_extent": [0.691330058441108, 0.6084983493130393], "errorLeft_angle": [-0.002210477469609451, 0.00863586841275188], "errorRight_angle": [0.013312443088947745, -0.0011648916689803723], "expected_L": [0.39519834940321763, 0.5089981234236409], "expected_R": [0.39519834940321763, 0.5089981234225434], "energy_L": [0.001215, 0.0012690000000000002, 0.0013549999999999999, 0.0013599999999999999, 0.001403, 0.0014349999999999999, 0.0014349999999999999, 0.0014509999999999998, 0.001474, 0.00148, 0.0014820000000000002, 0.0014839999999999999, 0.0014810000000000001, 0.001475, 0.001455, 0.0014310000000000002, 0.001427, 0.001424, 0.001362, 0.001357, 0.001331, 0.001317, 0.00125, 0.001206, 0.0011920000000000001, 0.001088, 0.001085, 0.000997, 0.000949, 0.000869, 0.000838, 0.000756, 0.000799, 0.000698, 0.000696, 0.000681, 0.000667, 0.000665, 0.000717, 0.000721, 0.0007689999999999999, 0.0008159999999999999, 0.0008599999999999999, 0.000938, 0.001023, 0.001005, 0.0011219999999999997, 0.001209, 0.001189, 0.001361, 0.001593, 0.0015899999999999998, 0.0017050000000000001, 0.001915, 0.002006, 0.0021790000000000004, 0.002241, 0.002326, 0.002698, 0.002817, 0.0029699999999999996, 0.00321, 0.003316, 0.003435, 0.003896, 0.003834, 0.004197, 0.004130999999999999, 0.0042190000000000005, 0.0046879999999999995, 0.004723, 0.005137, 0.005184, 0.0056359999999999995, 0.005706, 0.005931, 0.006327, 0.006358, 0.006606999999999999, 0.006799999999999999, 0.007175, 0.007235999999999999, 0.00758, 0.007695, 0.007841, 0.008186, 0.008272, 0.008629, 0.008906, 0.009124, 0.009334, 0.009744, 0.009517, 0.009982, 0.010433, 0.010801000000000002, 0.01081, 0.011327, 0.011373, 0.011494999999999998, 0.011968, 0.012152, 0.012423, 0.012530999999999999, 0.012643, 0.013057, 0.013338, 0.013486999999999999, 0.013646, 0.013926000000000001, 0.014304, 0.014580999999999998, 0.014983, 0.015007, 0.015321000000000001, 0.015673, 0.015953, 0.01609, 0.016229, 0.016577, 0.016634, 0.01711, 0.017218, 0.017453999999999997, 0.017814999999999998, 0.018013, 0.018371, 0.018307000000000004, 0.018796, 0.018955, 0.019325, 0.019434, 0.019811, 0.019767999999999997, 0.019918, 0.020406, 0.020505, 0.021157, 0.021307, 0.02114, 0.021490000000000002, 0.021623000000000003, 0.021738, 0.022269999999999998, 0.022347, 0.022824, 0.022938000000000004, 0.023114999999999997, 0.023494, 0.023781000000000004, 0.023981000000000002, 0.024118, 0.02407, 0.024370000000000003, 0.024572, 0.024773, 0.02501, 0.025004, 0.025371000000000005, 0.025521000000000002, 0.025634000000000004, 0.025806999999999997, 0.025957, 0.026156, 0.026283, 0.026495, 0.02651, 0.026818, 0.026843000000000002, 0.027113000000000005, 0.027195999999999998, 0.027246, 0.027430000000000003, 0.027742999999999997, 0.027614000000000003, 0.027778999999999998, 0.02801, 0.028113999999999997, 0.028246, 0.028315, 0.028334, 0.028538, 0.028610000000000003, 0.028609000000000002, 0.028742999999999998, 0.028882, 0.028945, 0.029074, 0.029163, 0.029228000000000004, 0.029205000000000002, 0.029251, 0.029352000000000003, 0.029452, 0.029522, 0.029518000000000003, 0.029566000000000002, 0.029669, 0.029711, 0.029710999999999998, 0.029753999999999996, 0.029774, 0.029795, 0.029809999999999996, 0.029875999999999996, 0.029909, 0.029945, 0.030064999999999995, 0.03007, 0.030153, 0.030178999999999997, 0.030197999999999996, 0.030231999999999995, 0.030247999999999997, 0.030261, 0.030277999999999996, 0.030292, 0.030299, 0.03031, 0.030316, 0.030317, 0.030315, 0.030314, 0.030304, 0.030294, 0.030263000000000005, 0.030244, 0.030242, 0.030176, 0.03016, 0.030093999999999996, 0.030104, 0.030042, 0.029932, 0.029958, 0.02983, 0.029809999999999996, 0.029726999999999996, 0.029682, 0.029613, 0.029529, 0.029464, 0.029354, 0.029387, 0.029452000000000002, 0.029504, 0.029517999999999996, 0.029509, 0.029530999999999995, 0.029561999999999998, 0.029588000000000003, 0.029592, 0.029592, 0.029606000000000004, 0.029611, 0.029614, 0.029601999999999996, 0.029607, 0.029591, 0.029581000000000003, 0.029594, 0.029568000000000004, 0.029545000000000002, 0.029535000000000006, 0.029502, 0.029450999999999998, 0.029473, 0.029427000000000002, 0.029377999999999998, 0.029353, 0.029315, 0.029175000000000003, 0.029171000000000002, 0.029130999999999997, 0.02913, 0.029096, 0.029078, 0.029069, 0.028949000000000003, 0.028966, 0.028922, 0.028852000000000003, 0.028787999999999998, 0.028721, 0.028586, 0.028571000000000003, 0.028463000000000002, 0.028374999999999997, 0.028261, 0.028129, 0.028076999999999998, 0.02798, 0.027854000000000004, 0.027679000000000002, 0.027693, 0.027384, 0.027253, 0.027197, 0.027195999999999998, 0.027185, 0.027176000000000002, 0.027089000000000002, 0.027038, 0.026986000000000003, 0.026909000000000002, 0.026848000000000004, 0.026886, 0.026722, 0.026587, 0.026574, 0.026482, 0.026269, 0.026189999999999998, 0.026140999999999998, 0.025844999999999996, 0.025766, 0.025766, 0.025524, 0.025374999999999998, 0.024846999999999998, 0.024861, 0.02479, 0.024571000000000003, 0.024598000000000002, 0.02463, 0.024683, 0.024718999999999998, 0.024721, 0.024730000000000002, 0.024726, 0.024966, 0.025104, 0.025155999999999998, 0.025267, 0.025559, 0.025667999999999996, 0.025748, 0.025932000000000004, 0.026048, 0.026135, 0.026218, 0.026375999999999997, 0.026434000000000003, 0.0264, 0.026547, 0.02657, 0.026615, 0.02666, 0.026667, 0.026664, 0.026658, 0.02665, 0.026636, 0.026577, 0.026474, 0.026439, 0.026279, 0.026114000000000002, 0.026078999999999998, 0.025856, 0.025903, 0.025566000000000002, 0.025374999999999998, 0.025449, 0.025011, 0.02459, 0.024565, 0.024369, 0.023792, 0.023833, 0.023433000000000002, 0.023206, 0.02264, 0.022543, 0.021815, 0.021351000000000002, 0.021310999999999997, 0.020976, 0.020275, 0.019886, 0.019896999999999998, 0.019055000000000002, 0.018953, 0.018387, 0.017838, 0.017459, 0.016459, 0.016536000000000002, 0.016041, 0.01489, 0.014622000000000003, 0.014292000000000001, 0.013262, 0.013289, 0.012511999999999999, 0.012319, 0.011109, 0.010176000000000001, 0.009701, 0.00945, 0.008724, 0.008588, 0.008001999999999999, 0.007388, 0.006847000000000001, 0.006777000000000001, 0.005969, 0.005071000000000001, 0.005017, 0.004416, 0.004219, 0.0038150000000000002, 0.00377, 0.0032259999999999997, 0.003115, 0.002989, 0.002967, 0.002965, 0.00319, 0.0033550000000000003, 0.003665, 0.00381, 0.00398, 0.004216, 0.004362, 0.004422, 0.0048519999999999995, 0.0049169999999999995, 0.005011, 0.005196, 0.005318, 0.005335, 0.005367, 0.005403, 0.005452, 0.005454, 0.005429, 0.0054199999999999995, 0.005292999999999999, 0.0053, 0.005202, 0.005098, 0.005138, 0.004919, 0.00482, 0.0046359999999999995, 0.004646, 0.004584, 0.004386, 0.00436, 0.004312, 0.00421, 0.004142000000000001, 0.003825, 0.0038449999999999995, 0.00372, 0.003452, 0.0033150000000000002, 0.0033150000000000002, 0.0032419999999999997, 0.003179, 0.003105, 0.002955, 0.002733, 0.00268, 0.002587, 0.002473, 0.00237, 0.0022839999999999996, 0.0020810000000000004, 0.0020180000000000003, 0.001914, 0.0017859999999999998, 0.001689, 0.001622, 0.0014889999999999999, 0.00148, 0.001434, 0.0013019999999999998, 0.001328, 0.001262, 0.0012339999999999999, 0.0012300000000000002, 0.0011979999999999998, 0.00121, 0.001182, 0.001181, 0.001127, 0.0011020000000000001, 0.001092, 0.001077, 0.001072, 0.001072, 0.001067, 0.001077, 0.00108, 0.0011120000000000001, 0.001118, 0.001153, 0.0012230000000000001],