{"Chosen": [1, 0], "angle_per_trial": [4.825486315913922, 4.071504079052372], "rt": [79, 36], "errorLeft_extent": [0.3880784049651588, 0.21908630436369658], "errorRight_extent": [0.5474254087652908, 0.681000439090546], "errorLeft_angle": [0.005155874818064454, -0.005089023271819038], "errorRight_angle": [0.008352205536752422, -0.0017578353553036052], "expected_L": [0.4110841843297054, 0.36859404195990836], "expected_R": [0.41108418432970545, 0.3715281985179274], "energy_L": [0.003655, 0.003675, 0.003567, 0.0035090000000000004, 0.003444, 0.0033810000000000003, 0.003419, 0.0033000000000000004, 0.003225, 0.003142, 0.003091, 0.003157, 0.002903, 0.002937, 0.002838, 0.0027270000000000003, 0.002728, 0.002584, 0.00254, 0.002484, 0.00239, 0.002384, 0.002328, 0.0021680000000000002, 0.002085, 0.002009, 0.0018219999999999998, 0.0017180000000000001, 0.0016979999999999999, 0.0015669999999999998, 0.0014910000000000001, 0.0014329999999999998, 0.001339, 0.001277, 0.001284, 0.0012299999999999998, 0.001222, 0.001174, 0.0011660000000000002, 0.001095, 0.0010960000000000002, 0.001065, 0.001068, 0.0010819999999999998, 0.001162, 0.001291, 0.001372, 0.001397, 0.001403, 0.001468, 0.001484, 0.001473, 0.001327, 0.00132, 0.001046, 0.0009209999999999999, 0.000689, 0.0008269999999999999, 0.0008730000000000001, 0.000969, 0.001586, 0.001918, 0.0027210000000000003, 0.0030670000000000003, 0.004274, 0.006025999999999999, 0.005640999999999999, 0.007422, 0.008172, 0.009138, 0.010464999999999999, 0.011814999999999999, 0.011633000000000001, 0.012628, 0.014065999999999999, 0.014580999999999998, 0.015362999999999998, 0.015867000000000003, 0.016873, 0.017259, 0.018057, 0.018771, 0.018995, 0.019416, 0.020093999999999997, 0.020545, 0.021079, 0.021294999999999998, 0.021653, 0.022178000000000003, 0.022629, 0.022579, 0.022907, 0.023187, 0.023491, 0.023725000000000003, 0.023905000000000003, 0.024236, 0.02429, 0.02446, 0.024594, 0.024975, 0.025115000000000002, 0.025141, 0.025358, 0.025557, 0.025650000000000003, 0.025646000000000002, 0.026078999999999998, 0.026169, 0.026145, 0.026136, 0.026303, 0.026349000000000004, 0.026491, 0.026544, 0.026673000000000002, 0.026771000000000003, 0.02684, 0.026898, 0.026860000000000002, 0.026931999999999998, 0.027089, 0.027120000000000002, 0.027286000000000005, 0.027337, 0.027316, 0.027306, 0.027368, 0.027462, 0.027491, 0.027643, 0.027608999999999998, 0.027762999999999996, 0.027827, 0.027739, 0.027842000000000002, 0.028019999999999996, 0.02805, 0.028083999999999998, 0.028141999999999997, 0.028098, 0.028209000000000005, 0.028156999999999998, 0.028221999999999997, 0.028321, 0.028353000000000003, 0.028418, 0.028454, 0.028485999999999997, 0.028549, 0.028604, 0.028593, 0.028668000000000003, 0.028782999999999996, 0.028784999999999998, 0.028782, 0.028827000000000002, 0.028909999999999998, 0.028995, 0.028978999999999998, 0.029019, 0.029064, 0.029085, 0.029197000000000004, 0.029190999999999998, 0.029254999999999996, 0.029267, 0.029319, 0.029293, 0.029326, 0.029378999999999995, 0.029406, 0.029439999999999997, 0.029445, 0.029474999999999998, 0.029533, 0.029557, 0.029605, 0.029596, 0.029648, 0.029689999999999998, 0.029713, 0.029715, 0.029727999999999997, 0.029742, 0.029743, 0.029771000000000002, 0.029774000000000002, 0.029789999999999997, 0.029802000000000002, 0.029810999999999997, 0.029946, 0.029983000000000003, 0.029929, 0.030023, 0.030033999999999998, 0.030084000000000003, 0.030094, 0.030136000000000003, 0.030152, 0.030149000000000002, 0.030173, 0.030218, 0.030215, 0.030234999999999998, 0.030239999999999996, 0.030266, 0.030275, 0.030283000000000004, 0.0303, 0.030296999999999998, 0.03031, 0.030315, 0.030316, 0.030317999999999998, 0.030317, 0.030311, 0.030301, 0.030306, 0.030296999999999998, 0.030275, 0.030275, 0.03025, 0.030222000000000002, 0.030218000000000002, 0.030146999999999997, 0.030132, 0.030132, 0.030119, 0.030042, 0.029990000000000003, 0.029961, 0.029930000000000002, 0.029855, 0.029756, 0.029774000000000002, 0.029654, 0.029623999999999998, 0.029546000000000003, 0.029422999999999998, 0.029435, 0.02938, 0.029413999999999996, 0.02942, 0.029462000000000002, 0.029484, 0.029523, 0.029551, 0.029554999999999998, 0.029563, 0.029580999999999996, 0.029587000000000002, 0.029607, 0.029611, 0.029614, 0.029612999999999997, 0.029599, 0.029593, 0.029587000000000002, 0.029578, 0.029561999999999998, 0.029549, 0.029542, 0.029481, 0.029468, 0.029444, 0.029408999999999998, 0.029379, 0.029356, 0.029269, 0.029244, 0.029194, 0.029155, 0.029131, 0.029079999999999998, 0.029053, 0.029019000000000003, 0.028954, 0.028909999999999998, 0.028895, 0.028808999999999998, 0.02877, 0.028711, 0.028629, 0.028539000000000002, 0.028444000000000004, 0.028311, 0.028256000000000003, 0.028116000000000002, 0.027932, 0.027970999999999996, 0.027922000000000002, 0.02776, 0.027639, 0.027493000000000004, 0.027240000000000004, 0.027196, 0.027184, 0.027167000000000004, 0.027141000000000002, 0.027097000000000003, 0.027031, 0.026993, 0.026914, 0.026846, 0.026851, 0.026775, 0.026618000000000003, 0.026545, 0.026436, 0.026284, 0.026147999999999998, 0.026178, 0.025915, 0.025752999999999998, 0.025670000000000002, 0.025555, 0.025405000000000004, 0.025119, 0.024816000000000005, 0.024885, 0.02457, 0.024616, 0.024635, 0.024682, 0.024727, 0.024727, 0.024724999999999997, 0.024724, 0.024869999999999996, 0.025028, 0.025262, 0.025397000000000003, 0.025480000000000003, 0.025606, 0.025719, 0.025848999999999997, 0.026087, 0.026150000000000003, 0.026192999999999994, 0.026276, 0.026439, 0.02652, 0.026548000000000002, 0.026597, 0.026590999999999997, 0.026639000000000003, 0.026661, 0.02666, 0.026651, 0.026639, 0.026633, 0.026552000000000003, 0.026419, 0.026418, 0.026366000000000004, 0.026298000000000002, 0.026117, 0.026008999999999997, 0.025707, 0.025569, 0.025223000000000002, 0.025225, 0.025027999999999995, 0.024926, 0.024225000000000003, 0.024366000000000002, 0.023954999999999997, 0.023586, 0.023354999999999997, 0.022855999999999998, 0.022645, 0.022224999999999998, 0.021699, 0.021256, 0.021082999999999998, 0.020642999999999998, 0.020227, 0.019988999999999996, 0.019849, 0.018919, 0.019374000000000002, 0.019006000000000002, 0.017743000000000002, 0.017552, 0.017566, 0.016798999999999998, 0.015580000000000002, 0.015725999999999997, 0.015420000000000001, 0.014431, 0.014221000000000003, 0.014531000000000002, 0.012767, 0.012627, 0.01227, 0.011334, 0.011115, 0.010884000000000001, 0.010262, 0.009604000000000001, 0.009603, 0.009163000000000001, 0.00812, 0.00784, 0.007783999999999999, 0.00733, 0.006335, 0.00619, 0.005997000000000001, 0.005707, 0.005418000000000001, 0.004854000000000001, 0.004943, 0.004520000000000001, 0.004251, 0.0039049999999999996, 0.0039, 0.003915, 0.0033959999999999997, 0.0032190000000000005, 0.0031570000000000005, 0.003023, 0.0030640000000000003, 0.002992, 0.0029590000000000003, 0.002989, 0.0029990000000000004, 0.0030470000000000002, 0.003325, 0.003296, 0.0035750000000000005, 0.0038450000000000003, 0.003733, 0.004062, 0.004203, 0.004214, 0.004383, 0.004381, 0.004515, 0.004902, 0.004873, 0.004804999999999999, 0.005179, 0.005050000000000001, 0.0051730000000000005, 0.005196, 0.005289, 0.005245, 0.005332, 0.00541, 0.005421, 0.0054280000000000005, 0.00543, 0.005451, 0.0054529999999999995, 0.0054529999999999995, 0.00545, 0.005422, 0.005447, 0.005423, 0.005384, 0.005358999999999999, 0.00535, 0.0052829999999999995, 0.005253000000000001, 0.005171, 0.005202999999999999, 0.0051979999999999995, 0.005176000000000001, 0.005123, 0.005038999999999999, 0.005018, 0.005064000000000001, 0.004953, 0.004921, 0.004801, 0.004628, 0.004702, 0.004578, 0.004560000000000001, 0.004493, 0.004509999999999999, 0.0043749999999999995, 0.004416, 0.00435, 0.004345, 0.004285, 0.004152, 0.004125, 0.004092, 0.004035, 0.004027, 0.003967999999999999, 0.003908, 0.0038919999999999996, 0.003877, 0.003836, 0.003761],