{"Chosen": [0, 1], "angle_per_trial": [2.111150263212341, 0.22619467105846508], "rt": [22, 17], "errorLeft_extent": [0.9133587392078741, 1.195746941921505], "errorRight_extent": [1.1161432764267332, 0.8063431347046796], "errorLeft_angle": [-0.010718170193702026, -0.007209594190783375], "errorRight_angle": [-0.0013425897331380554, -0.007675430025767205], "expected_L": [0.39519834940321735, 0.3951983500473214], "expected_R": [0.39519834940321735, 0.39519834940321746], "energy_L": [0.0012309999999999999, 0.001271, 0.0013089999999999998, 0.00135, 0.0013549999999999999, 0.0014349999999999999, 0.001445, 0.001457, 0.0014650000000000002, 0.0014780000000000001, 0.001484, 0.001484, 0.001483, 0.001478, 0.0014719999999999998, 0.001444, 0.0014409999999999998, 0.001416, 0.00136, 0.00135, 0.001301, 0.001312, 0.0012490000000000001, 0.001218, 0.001209, 0.001069, 0.000996, 0.000982, 0.0009239999999999999, 0.000946, 0.000803, 0.0008250000000000001, 0.0007619999999999999, 0.000701, 0.000684, 0.000677, 0.000664, 0.00067, 0.0006990000000000001, 0.000725, 0.000776, 0.000776, 0.000928, 0.000917, 0.000944, 0.0011389999999999998, 0.001098, 0.0011060000000000002, 0.0013089999999999998, 0.001438, 0.0016170000000000002, 0.00152, 0.0016490000000000003, 0.001896, 0.0020020000000000003, 0.002103, 0.0021880000000000003, 0.002367, 0.0026420000000000003, 0.0026899999999999997, 0.0030019999999999995, 0.00317, 0.003388, 0.003567, 0.0037919999999999994, 0.003818, 0.00415, 0.004389, 0.004428, 0.004818, 0.004628, 0.005108, 0.005195, 0.005406000000000001, 0.005645, 0.0058709999999999995, 0.006215999999999999, 0.006307999999999999, 0.00653, 0.006837, 0.006952, 0.007242, 0.007194000000000001, 0.007658, 0.008178, 0.008154999999999999, 0.008232, 0.008548, 0.008729, 0.008996, 0.009511999999999998, 0.009549, 0.009906000000000002, 0.01025, 0.010159999999999999, 0.010728, 0.011012000000000001, 0.011177, 0.011342999999999999, 0.011461, 0.011666000000000001, 0.011916, 0.012423, 0.012695000000000001, 0.012733000000000001, 0.013162, 0.013279000000000001, 0.013418, 0.013752, 0.014075, 0.014053, 0.014505, 0.014938, 0.015238, 0.015659, 0.015593, 0.015998, 0.016378, 0.016426, 0.016488, 0.01675, 0.016940999999999998, 0.017354, 0.01777, 0.017693999999999998, 0.018117, 0.018383, 0.018355000000000003, 0.018645000000000002, 0.019015, 0.019325, 0.019235999999999996, 0.019674, 0.020037, 0.020124000000000003, 0.020511, 0.020526, 0.021001000000000002, 0.021188000000000002, 0.021442000000000003, 0.021641, 0.021863999999999998, 0.022126, 0.022157999999999997, 0.022583000000000002, 0.022718, 0.022910999999999997, 0.022916, 0.023358, 0.023500000000000004, 0.023732000000000003, 0.023901, 0.024229, 0.024361, 0.024528, 0.024613, 0.024866, 0.025144, 0.025288, 0.025453, 0.025717, 0.025769, 0.026014000000000002, 0.026467000000000004, 0.026372, 0.026515, 0.026676, 0.026817999999999998, 0.026805999999999996, 0.027158, 0.027293000000000005, 0.027515000000000005, 0.027556, 0.027622999999999998, 0.027659, 0.027849, 0.028032, 0.028213000000000002, 0.028159000000000003, 0.028275, 0.028484, 0.028444999999999998, 0.028537999999999994, 0.028714999999999997, 0.028773, 0.028856999999999997, 0.028898, 0.02907, 0.029124999999999998, 0.029211, 0.029254, 0.029293, 0.029394000000000003, 0.029415999999999998, 0.029518999999999997, 0.029560999999999997, 0.029589, 0.029632, 0.02965, 0.029739999999999996, 0.029761, 0.029823999999999996, 0.029779, 0.029894999999999998, 0.029877999999999995, 0.029942, 0.029992, 0.030007000000000002, 0.03009, 0.030115999999999997, 0.030171999999999997, 0.030193, 0.030201, 0.030244, 0.030265999999999998, 0.030287, 0.030277, 0.030298999999999996, 0.030314999999999998, 0.030314, 0.030315999999999996, 0.030314999999999995, 0.030305, 0.030301, 0.030288, 0.030258, 0.030244, 0.030237000000000003, 0.03016, 0.03012, 0.030118, 0.030047, 0.030077999999999997, 0.030004000000000003, 0.029932, 0.029865999999999997, 0.029823999999999996, 0.029716, 0.029649000000000002, 0.029601999999999996, 0.029516999999999995, 0.029455000000000002, 0.029372000000000002, 0.029384999999999998, 0.029424, 0.029459, 0.029470999999999997, 0.029509, 0.029528000000000002, 0.029560999999999997, 0.029566000000000002, 0.029586, 0.029605, 0.029609, 0.029611, 0.029611, 0.029611000000000002, 0.0296, 0.029598999999999997, 0.029581999999999997, 0.029567, 0.029557, 0.029544, 0.029522, 0.029502, 0.029446, 0.029434000000000002, 0.029420999999999996, 0.029384999999999998, 0.029279999999999997, 0.029268, 0.029171, 0.029172, 0.029166000000000004, 0.029143000000000002, 0.029078, 0.029093, 0.029026, 0.028978999999999998, 0.028935, 0.028865999999999996, 0.028776999999999997, 0.028811, 0.0287, 0.028606000000000003, 0.028533000000000003, 0.028448, 0.028378, 0.02831, 0.028261, 0.02808, 0.027880000000000002, 0.027844999999999998, 0.027666000000000003, 0.027528999999999998, 0.027386, 0.027258, 0.027194999999999997, 0.027195, 0.027164, 0.027143, 0.027104999999999997, 0.027076, 0.02696, 0.026964000000000002, 0.026933, 0.026777000000000002, 0.026716, 0.026538, 0.0265, 0.026521999999999997, 0.02629, 0.026156, 0.026097, 0.025937, 0.025859, 0.025672, 0.025358, 0.025321999999999997, 0.024968999999999998, 0.024914, 0.024751999999999996, 0.024603, 0.024606000000000003, 0.024642000000000004, 0.024692, 0.0247, 0.024718, 0.024726, 0.024727000000000002, 0.024850999999999998, 0.025141000000000004, 0.025407000000000002, 0.025254, 0.025540999999999998, 0.025521999999999996, 0.025873, 0.025868000000000002, 0.026012, 0.026101, 0.026241, 0.026294000000000005, 0.026325, 0.026461000000000002, 0.026480000000000004, 0.026579000000000002, 0.026604000000000003, 0.026662999999999996, 0.026657, 0.026665, 0.026668, 0.02664, 0.026622, 0.026577, 0.026519, 0.026376999999999998, 0.026409, 0.026206, 0.026113, 0.025943, 0.025782000000000003, 0.025729, 0.025417, 0.025211, 0.025012, 0.02489, 0.0246, 0.024241, 0.024095000000000002, 0.023994, 0.023713, 0.022952, 0.022521, 0.022455, 0.021966, 0.021897, 0.021220000000000003, 0.020891, 0.020453, 0.02002, 0.019798, 0.019606000000000002, 0.018981, 0.018048999999999996, 0.018032999999999997, 0.016931, 0.017062, 0.016748000000000002, 0.015727, 0.015354999999999999, 0.015054999999999999, 0.014392000000000002, 0.013963999999999999, 0.013029, 0.012390000000000002, 0.011495, 0.010406, 0.010988000000000001, 0.009332, 0.010134, 0.00905, 0.008354, 0.007585, 0.007269, 0.00643, 0.00619, 0.005831000000000001, 0.0051909999999999994, 0.004751000000000001, 0.004678, 0.0043490000000000004, 0.0039559999999999994, 0.003618, 0.003615, 0.003254, 0.003037, 0.0029560000000000003, 0.00297, 0.0030340000000000002, 0.003085, 0.003397, 0.003916, 0.0041519999999999994, 0.004124, 0.004459, 0.004549, 0.004879, 0.004853, 0.005046999999999999, 0.005102, 0.005308, 0.005308, 0.005358, 0.005424999999999999, 0.005453, 0.0054529999999999995, 0.0054459999999999995, 0.00541, 0.005398, 0.005292999999999999, 0.0051909999999999994, 0.005154000000000001, 0.004982, 0.004962, 0.00481, 0.004813, 0.004681, 0.004445999999999999, 0.004391, 0.004322, 0.004307, 0.004211, 0.004025, 0.0039049999999999996, 0.003839, 0.0036299999999999995, 0.00349, 0.003347, 0.0032449999999999996, 0.0033040000000000005, 0.003157, 0.0030820000000000005, 0.002868, 0.0028250000000000003, 0.0025729999999999998, 0.002542, 0.002497, 0.0023339999999999997, 0.0022170000000000002, 0.002108, 0.001974, 0.001811, 0.001728, 0.00171, 0.0015959999999999998, 0.001531, 0.001416, 0.0013939999999999998, 0.0013, 0.001284, 0.001258, 0.0012400000000000002, 0.00124, 0.0012009999999999998, 0.001208, 0.001181, 0.001156, 0.001157, 0.001131, 0.001078, 0.001073, 0.0010659999999999999, 0.001064, 0.001071, 0.001078, 0.001081, 0.001114, 0.00113, 0.001203, 0.0012100000000000001],