{"Choosen": [0, 1], "angle_per_trial": [4.297698750110837, 5.679999517690346], "rt": [15, 24], "errorLeft_extent": [0.48746329299580315, 0.7202192269192005], "errorRight_extent": [0.6459756266840357, 0.31711480555233995], "errorLeft_angle": [-0.011910977818156532, 0.0018812013484756918], "errorRight_angle": [0.018415831193965282, -0.00508710666969403], "expected_L": [0.48336478518540693, 0.5159516007691498], "expected_R": [0.48336478518540693, 0.5159489033753035], "energy_L": [0.0012690000000000002, 0.001303, 0.001327, 0.001351, 0.0014069999999999998, 0.0014000000000000002, 0.001422, 0.001442, 0.0014609999999999998, 0.00148, 0.001479, 0.0014810000000000001, 0.001483, 0.0014759999999999999, 0.0014719999999999998, 0.001454, 0.001444, 0.0014069999999999998, 0.00136, 0.001357, 0.001332, 0.001279, 0.001281, 0.0011949999999999999, 0.0011769999999999999, 0.001111, 0.001058, 0.000982, 0.000918, 0.0008749999999999999, 0.000841, 0.0007980000000000001, 0.000768, 0.0007260000000000001, 0.0006979999999999999, 0.0006950000000000001, 0.0006709999999999999, 0.000709, 0.0006720000000000001, 0.000725, 0.0007980000000000001, 0.000793, 0.000841, 0.000874, 0.001025, 0.001058, 0.00112, 0.00116, 0.001349, 0.00146, 0.001495, 0.0015899999999999998, 0.001742, 0.0017139999999999998, 0.0020020000000000003, 0.00205, 0.002258, 0.0023729999999999997, 0.00264, 0.002717, 0.002918, 0.003157, 0.003164, 0.0034360000000000003, 0.003691, 0.0038090000000000003, 0.003896, 0.00415, 0.004234999999999999, 0.0047150000000000004, 0.004828, 0.005054000000000001, 0.005525, 0.005474999999999999, 0.005618000000000001, 0.006052, 0.00619, 0.006339, 0.006475, 0.006943, 0.006916, 0.0075060000000000005, 0.007407, 0.007743999999999999, 0.007656, 0.00812, 0.008357, 0.008789, 0.008954000000000002, 0.009066, 0.009425, 0.009779000000000001, 0.009781, 0.010367, 0.01041, 0.010611, 0.010951000000000002, 0.010982, 0.01146, 0.011652, 0.011962, 0.011996999999999999, 0.012358, 0.012733000000000001, 0.012793, 0.013296, 0.013456000000000001, 0.013531, 0.014043, 0.014032, 0.014244, 0.014492000000000001, 0.014932999999999998, 0.014851, 0.01543, 0.015542, 0.015932, 0.016051, 0.016356, 0.016343, 0.016696999999999997, 0.017106999999999997, 0.017292, 0.017573000000000002, 0.017764000000000002, 0.018194000000000002, 0.018321, 0.018536, 0.018528000000000003, 0.019052, 0.019226999999999998, 0.01945, 0.019997, 0.020083, 0.020332999999999997, 0.02037, 0.020714999999999997, 0.020828000000000003, 0.02123, 0.021295999999999995, 0.021498000000000003, 0.021918, 0.021928, 0.022308, 0.022515, 0.022759, 0.022891, 0.022969, 0.023248000000000005, 0.023206, 0.023825, 0.024035000000000004, 0.024205, 0.024322999999999997, 0.024832, 0.024713000000000002, 0.024958, 0.025026000000000003, 0.025160000000000002, 0.025643, 0.025732000000000005, 0.025734000000000003, 0.026088999999999998, 0.026156000000000002, 0.026321, 0.026518, 0.026641, 0.026907, 0.026889, 0.027143, 0.027255, 0.027311, 0.027482000000000003, 0.027673, 0.02772, 0.027953, 0.027912, 0.028101, 0.028182000000000002, 0.028419, 0.028393, 0.028522, 0.028596, 0.02878, 0.028731999999999997, 0.028877, 0.028983999999999996, 0.029056000000000002, 0.029072, 0.029255, 0.029216, 0.029289000000000003, 0.029373000000000003, 0.02944, 0.029532, 0.029582999999999998, 0.029624, 0.029654999999999997, 0.02969, 0.029742, 0.029739, 0.029754000000000003, 0.029785, 0.029885000000000002, 0.029901000000000004, 0.029952999999999997, 0.030039999999999997, 0.030080000000000003, 0.030111999999999996, 0.030118, 0.030189, 0.030201999999999996, 0.030219, 0.030216999999999997, 0.030266999999999995, 0.030291000000000002, 0.030296999999999998, 0.030303, 0.030302000000000003, 0.030316, 0.030319, 0.030316999999999997, 0.030318, 0.030314999999999998, 0.030295, 0.030274000000000002, 0.030245, 0.030239000000000002, 0.030196, 0.030171999999999997, 0.030128999999999996, 0.030105, 0.030022, 0.02998, 0.029932999999999994, 0.029873, 0.029795, 0.029751, 0.029679999999999998, 0.02957, 0.029436999999999998, 0.029511, 0.029355000000000003, 0.029354, 0.029438, 0.029462000000000002, 0.029477000000000003, 0.029462000000000002, 0.029545000000000002, 0.029554000000000004, 0.029574999999999997, 0.029594000000000002, 0.029605, 0.029604, 0.029613, 0.029612, 0.029611000000000002, 0.029602, 0.029598999999999997, 0.029585, 0.029563, 0.029563, 0.029548, 0.029522, 0.029507, 0.029476000000000002, 0.029450999999999998, 0.029432999999999997, 0.029337000000000002, 0.029306, 0.029279, 0.029264, 0.029162000000000004, 0.029152000000000004, 0.029131, 0.02907, 0.029090000000000005, 0.029005000000000003, 0.029025000000000002, 0.028934, 0.028919, 0.028808999999999998, 0.028811000000000003, 0.028659999999999998, 0.028612000000000002, 0.028564000000000003, 0.028461, 0.028333, 0.028220000000000002, 0.028112, 0.028017, 0.027919000000000003, 0.027779, 0.02774, 0.027515, 0.027399, 0.027344, 0.027204, 0.027188, 0.027178, 0.027126000000000004, 0.027089000000000002, 0.027035, 0.027015000000000004, 0.026968000000000002, 0.026912000000000005, 0.026823, 0.02673, 0.026658, 0.026592000000000005, 0.026449, 0.026453000000000004, 0.026306000000000003, 0.026022, 0.025999, 0.025869999999999997, 0.02572, 0.025557999999999997, 0.025424, 0.025186, 0.024962, 0.024816000000000005, 0.024576, 0.024624, 0.024652, 0.024659, 0.024709, 0.024707, 0.024728000000000003, 0.024725, 0.024869999999999996, 0.024861, 0.025126999999999997, 0.025500000000000002, 0.025587, 0.02562, 0.025825, 0.025925, 0.025968000000000005, 0.026066, 0.026255, 0.02634, 0.026454000000000002, 0.026400999999999997, 0.026548, 0.026617000000000002, 0.026591, 0.026616, 0.026632000000000003, 0.02667, 0.026659, 0.026643, 0.026603, 0.026526, 0.026461, 0.026429, 0.026403000000000003, 0.026269999999999998, 0.026084, 0.026082, 0.025793000000000003, 0.025547, 0.02552, 0.024995000000000003, 0.025179, 0.024821000000000003, 0.0246, 0.024513, 0.023794, 0.023708999999999997, 0.023132000000000003, 0.022985000000000002, 0.022543, 0.022303, 0.021813, 0.021566000000000002, 0.021202000000000002, 0.021166, 0.020537, 0.020317, 0.019530000000000002, 0.018739, 0.018647999999999998, 0.01853, 0.018039, 0.016916, 0.016858, 0.016397, 0.015886, 0.015429, 0.014746000000000002, 0.013767999999999999, 0.013337, 0.013543999999999999, 0.01219, 0.012133999999999999, 0.011498999999999999, 0.010277000000000001, 0.009361000000000001, 0.009393, 0.009146, 0.008121999999999999, 0.007852000000000001, 0.0071730000000000006, 0.006916, 0.0059499999999999996, 0.005277, 0.005165, 0.004997, 0.004394, 0.004071, 0.003965, 0.003738, 0.0032520000000000005, 0.0031560000000000004, 0.003009, 0.002953, 0.002955, 0.002994, 0.0033239999999999997, 0.003476, 0.003941, 0.004154, 0.004177, 0.004203, 0.0045579999999999996, 0.004797, 0.004803999999999999, 0.005132, 0.005183, 0.005263, 0.0053490000000000005, 0.005412, 0.005424, 0.005441, 0.00545, 0.005430000000000001, 0.005422, 0.005353, 0.00535, 0.005241, 0.005128, 0.005045, 0.004965, 0.0048920000000000005, 0.004801, 0.0046359999999999995, 0.004555, 0.00445, 0.004265, 0.004215, 0.004164, 0.003978, 0.0039369999999999995, 0.00372, 0.003719, 0.003581, 0.0035260000000000005, 0.003307, 0.003136, 0.003041, 0.0029920000000000003, 0.002783, 0.002818, 0.002667, 0.002501, 0.002393, 0.002353, 0.002282, 0.002072, 0.002092, 0.002098, 0.001728, 0.001715, 0.00162, 0.0015229999999999998, 0.001372, 0.001361, 0.0012890000000000002, 0.0012989999999999998, 0.001252, 0.001251, 0.001241, 0.001209, 0.001188, 0.001199, 0.001158, 0.001134, 0.001128, 0.001092, 0.001073, 0.001062, 0.001065, 0.001069, 0.001087, 0.001097, 0.001104, 0.00113, 0.001193, 0.001194],