{"Chosen": [1, 1, 1, 0, 1, 0, 1, 0, 1, 1], "angle_per_trial": [6.207484279382243, 4.8700994549624905, 5.2738382698816615, 1.842058343068714, 5.854212816327968, 3.3056115471507064, 0.0, 4.138322852921495, 1.0598143891628218, 5.021501510557179], "rt": [21, 49, 22, 33, 35, 23, 16, 28, 24, 20], "errorLeft_extent": [0.8007156685666512, 0.988522633213994, 0.9094144143211309, 1.0710644272893866, 0.82233968447812, 1.1977610829529937, 0.8, 1.1212583743293447, 0.9189050022565264, 0.9582873579228951], "errorRight_extent": [1.1995225792422002, 1.0501537999853505, 1.1193593806391915, 0.9658265851565999, 1.184802702281028, 0.8033482359246653, 1.2, 0.9070720247016304, 1.111581574527004, 1.0778150767386572], "errorLeft_angle": [-0.00097062327651809, 0.007614457911697237, 0.003952441571773768, 0.014222180439842358, -0.000756277341749545, -0.0027771675902950044, 0.008132003813359212, -0.006443144206781604, 0.004349096948272901, 0.007444746625777654], "errorRight_angle": [-0.0074448753691562786, -0.0045595910853881705, 0.008785003074188502, 0.004085162416628929, 0.003873698649142554, 0.01566568512461064, -0.0037290897052276737, -0.004942713418386369, -0.011902355788561358, 0.003964740228694197], "expected_L": [0.49774671993798403, 0.44354174312194233, 0.3841538351149577, 0.5114902361190306, 0.41225450993383483, 0.43785830373542467, 0.5183157521408455, 0.38128978779105765, 0.41564456741675276, 0.5192497379546647], "expected_R": [0.49774671993798403, 0.4435485176417931, 0.4228667645861516, 0.5114902363209367, 0.4401654204101329, 0.4378570483239143, 0.6054182151548227, 0.3835961250628216, 0.4142222290550419, 0.6401550929114356], "energy_L": [0.029579, 0.029578, 0.029547999999999998, 0.029513, 0.029496, 0.02946, 0.029421000000000003, 0.029396, 0.029373000000000003, 0.029502000000000004, 0.029563000000000002, 0.029602999999999997, 0.029654, 0.029737, 0.029823000000000002, 0.029866, 0.029894999999999998, 0.029937, 0.030049000000000003, 0.030056, 0.030147999999999998, 0.030133, 0.030191000000000003, 0.030225, 0.030233999999999997, 0.030259, 0.030290999999999995, 0.030305, 0.03031, 0.030314, 0.030318, 0.030311, 0.030313, 0.030307, 0.030288000000000002, 0.030288, 0.030258, 0.030232, 0.030191999999999997, 0.030194, 0.030151000000000004, 0.030141, 0.030048000000000002, 0.030038, 0.030009, 0.029948, 0.029908999999999998, 0.029838999999999997, 0.029821999999999998, 0.029789000000000003, 0.029745, 0.029695000000000003, 0.029667, 0.029639, 0.029615, 0.029562, 0.029496999999999995, 0.029363, 0.02933, 0.029282999999999997, 0.029251, 0.029235, 0.029154, 0.029105, 0.028885000000000004, 0.028899, 0.028782, 0.028665, 0.028635, 0.028501000000000002, 0.028369, 0.028366000000000002, 0.028126, 0.028196999999999996, 0.028067, 0.027799, 0.027605, 0.027551000000000003, 0.027318, 0.027361, 0.027212, 0.027039, 0.026823, 0.026779, 0.026632000000000003, 0.026382, 0.026393, 0.026126, 0.026085999999999998, 0.025800999999999998, 0.025602, 0.025432, 0.025403999999999996, 0.025133, 0.025051, 0.024676, 0.024693, 0.024592, 0.024315000000000003, 0.023908, 0.02382, 0.023584, 0.023275999999999998, 0.023248000000000005, 0.022774999999999997, 0.022823, 0.022532, 0.022416, 0.022212, 0.021742, 0.021709000000000003, 0.021531, 0.021178000000000002, 0.020758, 0.020941, 0.020454999999999997, 0.020037, 0.020014, 0.01978, 0.019347, 0.019275, 0.018959, 0.01895, 0.018558, 0.018168, 0.018029, 0.017858, 0.017723, 0.017530999999999998, 0.017249, 0.01704, 0.016395, 0.016236, 0.016068, 0.015666, 0.015631, 0.015539, 0.014955999999999999, 0.014813, 0.014488000000000001, 0.014164, 0.014023, 0.013801, 0.013453, 0.013456000000000001, 0.013135, 0.012830000000000001, 0.012530999999999999, 0.012247999999999998, 0.01201, 0.01187, 0.011578999999999999, 0.011192, 0.011201999999999998, 0.010858000000000001, 0.010663000000000002, 0.010297, 0.009973, 0.009773, 0.009651, 0.009479, 0.009196000000000001, 0.008735, 0.008583, 0.008647, 0.008048, 0.008043000000000002, 0.007561, 0.00758, 0.0072770000000000005, 0.006951000000000001, 0.006718999999999999, 0.006813, 0.006437, 0.00618, 0.006012, 0.00572, 0.005334, 0.0052770000000000004, 0.0048000000000000004, 0.004923, 0.004801, 0.004509, 0.0041860000000000005, 0.0040219999999999995, 0.003949, 0.0038020000000000003, 0.003422, 0.0031989999999999996, 0.002972, 0.002981, 0.002735, 0.002644, 0.0025700000000000002, 0.002276, 0.0021379999999999997, 0.0021650000000000003, 0.001952, 0.001759, 0.001707, 0.001607, 0.001474, 0.001209, 0.001246, 0.001139, 0.001041, 0.00099, 0.000911, 0.0008599999999999999, 0.000829, 0.0008330000000000001, 0.000706, 0.0007, 0.000676, 0.000665, 0.0006850000000000001, 0.000691, 0.000718, 0.00075, 0.000792, 0.000842, 0.000939, 0.000931, 0.001008, 0.001054, 0.0011510000000000001, 0.001189, 0.001176, 0.001268, 0.001319, 0.001337, 0.001365, 0.001371, 0.001367, 0.001424, 0.001465, 0.0014589999999999998, 0.001474, 0.0014819999999999998, 0.00148, 0.001478, 0.001468, 0.001468, 0.001459, 0.001435, 0.0014069999999999998, 0.0013809999999999998, 0.0013640000000000002, 0.001348, 0.0012690000000000002, 0.001222, 0.0011650000000000002, 0.001169, 0.001111, 0.001084, 0.001086, 0.0010789999999999999, 0.001072, 0.001065, 0.001069, 0.0010899999999999998, 0.001099, 0.0011350000000000002, 0.0011380000000000001, 0.0011660000000000002, 0.001178, 0.0012050000000000001, 0.001218, 0.0012300000000000002, 0.001252, 0.001267, 0.0012690000000000002, 0.001305, 0.0013690000000000002, 0.001495, 0.001496, 0.0016840000000000002, 0.001659, 0.001735, 0.001849, 0.002145, 0.0022640000000000004, 0.002231, 0.00229, 0.002479, 0.002584, 0.002685, 0.0026969999999999997, 0.0028860000000000005, 0.0029590000000000003, 0.0031130000000000003, 0.0032069999999999998, 0.003263, 0.00348, 0.003484, 0.00367, 0.003778, 0.0038980000000000004, 0.0040160000000000005, 0.004052, 0.004136, 0.004241000000000001, 0.004486, 0.0045850000000000005, 0.0046359999999999995, 0.004771, 0.004918, 0.0050290000000000005, 0.005125, 0.005228, 0.005241, 0.005292999999999999, 0.005381, 0.005410999999999999, 0.005447, 0.005451, 0.005451, 0.005435000000000001, 0.005367, 0.005369, 0.005181, 0.005117, 0.005105999999999999, 0.004879, 0.004708, 0.004613, 0.004287, 0.004224, 0.003843, 0.0038350000000000003, 0.003578, 0.0032329999999999998, 0.0031140000000000004, 0.002952, 0.0029640000000000005, 0.003058, 0.00319, 0.003404, 0.0037340000000000003, 0.003794, 0.003932, 0.004558, 0.0050810000000000004, 0.0052450000000000005, 0.0057799999999999995, 0.005828, 0.006614, 0.0076939999999999995, 0.008017999999999999, 0.008097, 0.009209000000000002, 0.009940000000000001, 0.010056, 0.011104999999999999, 0.011812, 0.012265999999999999, 0.012274, 0.012771000000000001, 0.013904, 0.013933000000000001, 0.015327, 0.015871, 0.015532999999999998, 0.016249, 0.016372, 0.01735, 0.017567, 0.018368000000000002, 0.018581, 0.01902, 0.019724, 0.01964, 0.020373, 0.020818, 0.021503, 0.021343, 0.021908, 0.0223, 0.022354, 0.023028, 0.02318, 0.023651000000000002, 0.024236, 0.024189000000000002, 0.024642999999999998, 0.024897, 0.025024, 0.025389, 0.025530999999999998, 0.025603000000000004, 0.025793000000000003, 0.025973000000000003, 0.026165, 0.026298000000000002, 0.026380999999999998, 0.026465000000000002, 0.026481, 0.026528000000000003, 0.026634, 0.026661999999999998, 0.026668999999999998, 0.026666, 0.026663, 0.02665, 0.026602, 0.026581, 0.026532000000000003, 0.026457, 0.026408, 0.026276, 0.026235, 0.025934000000000002, 0.026021000000000002, 0.025927000000000002, 0.025821999999999998, 0.025633, 0.025573, 0.025385, 0.025129, 0.024985, 0.024855, 0.024726, 0.024728, 0.024726, 0.024708, 0.024674, 0.024669000000000003, 0.024622, 0.024577, 0.024710000000000003, 0.025073, 0.025097, 0.025178000000000002, 0.025384, 0.025636, 0.025824, 0.025942, 0.025911, 0.026234, 0.026278000000000003, 0.026439000000000004, 0.026522999999999998, 0.026635, 0.026739, 0.02683, 0.026911000000000004, 0.027009000000000002, 0.026976999999999998, 0.027035, 0.027105000000000004, 0.02712, 0.027166000000000003, 0.027198, 0.027212, 